[{"model": "wazimap_health.WazimapDataset", "pk": 1, "fields": {"name": "Census and Community Survey"}}, {"model": "wazimap_health.WazimapDataset", "pk": 2, "fields": {"name": "Police Crime Statistics 2006-2015"}}, {"model": "wazimap_health.WazimapDataset", "pk": 5, "fields": {"name": "Department of Education Administrative data on Matric successes and dropouts"}}, {"model": "wazimap_health.WazimapDataset", "pk": 6, "fields": {"name": "Department of Health Administrative data"}}, {"model": "wazimap_health.WazimapDataset", "pk": 7, "fields": {"name": "Multidimensional poverty"}}, {"model": "wazimap_health.WazimapDataset", "pk": 8, "fields": {"name": "MPI"}}, {"model": "wazimap_health.WazimapDataset", "pk": 9, "fields": {"name": "Department of Education Administrative data on Systemic evaluations"}}, {"model": "wazimap_health.WazimapRelease", "pk": 1, "fields": {"name": "Census", "year": "2011", "citation": "Statistics South Africa (2011) South African Population Census 2011. Indicators derived from the full population Census", "dataset": 1}}, {"model": "wazimap_health.WazimapRelease", "pk": 2, "fields": {"name": "Western Cape Department of Education Statistics", "year": "2017", "citation": "Western Cape Department of Education Statistics 2010/2017. Administrative data on Matrix successes and dropouts for the period 2010/2015 provided by the PGWC", "dataset": 5}}, {"model": "wazimap_health.WazimapRelease", "pk": 3, "fields": {"name": "Police Crime Statistics", "year": "2015", "citation": "South African Police Service. Crime Situation in South Africa for the period 2005/2015", "dataset": 2}}, {"model": "wazimap_health.WazimapRelease", "pk": 8, "fields": {"name": "Community Survey", "year": "2016", "citation": "Statistics South Africa (2016) South African Community Survey 2016. Indicators derived from the full population Community Survey", "dataset": 1}}, {"model": "wazimap_health.WazimapRelease", "pk": 10, "fields": {"name": "Western Cape Department of Health Statistics", "year": "2017", "citation": "Western Cape Department of Health Statistics 2005/2017. Administrative data on causes of deaths, pregnancy and delivery for the period 2005/2017", "dataset": 6}}, {"model": "wazimap_health.WazimapRelease", "pk": 11, "fields": {"name": "Calculated using Census", "year": "2011", "citation": "More information on how the indicator is derived is found in SALDRU Working Paper Number 169 2016: Frame, E., De Lannoy, A., Leibbrandt, M. (2016). Measuring multidimensional poverty among youth in South Africa at the sub-national level. A Southern Africa Labour and Development Research Unit Working Paper Number 169. Cape Town: SALDRU, University of Cape Town", "dataset": 7}}, {"model": "wazimap_health.WazimapRelease", "pk": 12, "fields": {"name": "Calculated using Census", "year": "2011", "citation": "More information on how the indicator is derived is found in SALDRU Working Paper Number 189 2016: Frame, E., De Lannoy, A., Koka, P., Leibbrandt, M. (2016). Multidimensional Youth Poverty: Estimating the Youth MPI in South Africa at ward level. A Southern Africa Labour and Development Research Unit Working Paper Number 189. Cape Town: SALDRU, University of Cape Town.", "dataset": 8}}, {"model": "wazimap_health.WazimapRelease", "pk": 13, "fields": {"name": "Western Cape Department of Education Statistics", "year": "2017", "citation": "Western Cape Department of Education Statistics 2011/2017. Administrative data on Systemic evaluations for the period 2011/2017 provided by the PGWC", "dataset": 9}}, {"model": "wazimap_health.WazimapDbtable", "pk": 1, "fields": {"name": "youth_language"}}, {"model": "wazimap_health.WazimapDbtable", "pk": 2, "fields": {"name": "youth_matric_outcome_by_year"}}, {"model": "wazimap_health.WazimapDbtable", "pk": 3, "fields": {"name": "youth_matric_passes_as_percentage_of_grade8_enrolment_by_year"}}, {"model": "wazimap_health.WazimapDbtable", "pk": 4, "fields": {"name": "crimes_type_of_crime_year"}}, {"model": "wazimap_health.WazimapDbtable", "pk": 5, "fields": {"name": "youth_multidimensionally_poor_gender_population_group"}}, {"model": "wazimap_health.WazimapDbtable", "pk": 6, "fields": {"name": "youth_female_given_birth"}}, {"model": "wazimap_health.WazimapDbtable", "pk": 7, "fields": {"name": "youth_labour_force_official_age_group_gender"}}, {"model": "wazimap_health.WazimapDbtable", "pk": 8, "fields": {"name": "youth_difficulty_functioning"}}, {"model": "wazimap_health.WazimapDbtable", "pk": 9, "fields": {"name": "youth_causes_of_death_male"}}, {"model": "wazimap_health.WazimapDbtable", "pk": 10, "fields": {"name": "youth_living_with_parents_gender"}}, {"model": "wazimap_health.WazimapDbtable", "pk": 11, "fields": {"name": "youth_access_to_internet_gender"}}, {"model": "wazimap_health.WazimapDbtable", "pk": 12, "fields": {"name": "youth_type_of_area"}}, {"model": "wazimap_health.WazimapDbtable", "pk": 13, "fields": {"name": "youth_student_dropout_rate_by_year"}}, {"model": "wazimap_health.WazimapDbtable", "pk": 14, "fields": {"name": "youth_labour_force_expanded_age_group_gender"}}, {"model": "wazimap_health.WazimapDbtable", "pk": 15, "fields": {"name": "youth_electricity_access_gender"}}, {"model": "wazimap_health.WazimapDbtable", "pk": 16, "fields": {"name": "crimes_accused_age_group"}}, {"model": "wazimap_health.WazimapDbtable", "pk": 17, "fields": {"name": "youth_education_attendance_gender_age_incompleted_years"}}, {"model": "wazimap_health.WazimapDbtable", "pk": 18, "fields": {"name": "youth_bachelor_passes_as_percentage_of_grade8_enrolment_by_year"}}, {"model": "wazimap_health.WazimapDbtable", "pk": 19, "fields": {"name": "youth_age_16_to_17_gender_completed_grade9"}}, {"model": "wazimap_health.WazimapDbtable", "pk": 20, "fields": {"name": "youth_victims_population_group"}}, {"model": "wazimap_health.WazimapDbtable", "pk": 21, "fields": {"name": "youth_citizenship"}}, {"model": "wazimap_health.WazimapDbtable", "pk": 22, "fields": {"name": "youth_delivery_rate_year"}}, {"model": "wazimap_health.WazimapDbtable", "pk": 23, "fields": {"name": "youth_age_groups_in_10_years"}}, {"model": "wazimap_health.WazimapDbtable", "pk": 24, "fields": {"name": "youth_household_crowded_gender"}}, {"model": "wazimap_health.WazimapDbtable", "pk": 25, "fields": {"name": "youth_toilet_access_gender"}}, {"model": "wazimap_health.WazimapDbtable", "pk": 26, "fields": {"name": "youth_water_access_gender"}}, {"model": "wazimap_health.WazimapDbtable", "pk": 27, "fields": {"name": "youth_causes_of_death_female"}}, {"model": "wazimap_health.WazimapDbtable", "pk": 28, "fields": {"name": "youth_maths_outcome_by_year"}}, {"model": "wazimap_health.WazimapDbtable", "pk": 29, "fields": {"name": "youth_average_language_score_by_year"}}, {"model": "wazimap_health.WazimapDbtable", "pk": 30, "fields": {"name": "youth_pregnancy_rate_year"}}, {"model": "wazimap_health.WazimapDbtable", "pk": 31, "fields": {"name": "youth_income_poverty_gender_population_group"}}, {"model": "wazimap_health.WazimapDbtable", "pk": 32, "fields": {"name": "youth_region_of_birth"}}, {"model": "wazimap_health.WazimapDbtable", "pk": 33, "fields": {"name": "youth_employment_status_gender"}}, {"model": "wazimap_health.WazimapDbtable", "pk": 34, "fields": {"name": "youth_age_20_to_24_gender_education_level"}}, {"model": "wazimap_health.WazimapDbtable", "pk": 35, "fields": {"name": "population_employment_status_gender"}}, {"model": "wazimap_health.WazimapDbtable", "pk": 36, "fields": {"name": "youth_household_employment"}}, {"model": "wazimap_health.WazimapDbtable", "pk": 37, "fields": {"name": "youth_accused_gender"}}, {"model": "wazimap_health.WazimapDbtable", "pk": 38, "fields": {"name": "youth_victims_year"}}, {"model": "wazimap_health.WazimapDbtable", "pk": 39, "fields": {"name": "youth_victims_gender"}}, {"model": "wazimap_health.WazimapDbtable", "pk": 40, "fields": {"name": "youth_female_given_birth_age_in_completed_years"}}, {"model": "wazimap_health.WazimapDbtable", "pk": 41, "fields": {"name": "youth_province_of_birth"}}, {"model": "wazimap_health.WazimapDbtable", "pk": 42, "fields": {"name": "youth_accused_year"}}, {"model": "wazimap_health.WazimapDbtable", "pk": 43, "fields": {"name": "youth_language_outcome_by_year"}}, {"model": "wazimap_health.WazimapDbtable", "pk": 44, "fields": {"name": "youth_accused_offence_type"}}, {"model": "wazimap_health.WazimapDbtable", "pk": 45, "fields": {"name": "population_employment_sector_gender"}}, {"model": "wazimap_health.WazimapDbtable", "pk": 46, "fields": {"name": "youth_average_mean_score_by_year"}}, {"model": "wazimap_health.WazimapDbtable", "pk": 47, "fields": {"name": "youth_gender_population_group"}}, {"model": "wazimap_health.WazimapDbtable", "pk": 48, "fields": {"name": "youth_employment_sector_gender"}}, {"model": "wazimap_health.WazimapDbtable", "pk": 49, "fields": {"name": "youth_type_of_dwelling_gender"}}, {"model": "wazimap_health.WazimapDbtable", "pk": 50, "fields": {"name": "youth_income_poverty_age_group"}}, {"model": "wazimap_health.WazimapDbtable", "pk": 51, "fields": {"name": "crimes_victims_age_group"}}, {"model": "wazimap_health.WazimapDbtable", "pk": 52, "fields": {"name": "youth_employment_education_training_gender"}}, {"model": "wazimap_health.WazimapDbtable", "pk": 53, "fields": {"name": "youth_average_maths_score_by_year"}}, {"model": "wazimap_health.WazimapDbtable", "pk": 54, "fields": {"name": "youth_accused_population_group"}}, {"model": "wazimap_health.WazimapDbtable", "pk": 55, "fields": {"name": "youth_victims_offence_type"}}, {"model": "wazimap_health.WazimapDbtable", "pk": 56, "fields": {"name": "youth_mpi_score"}}, {"model": "wazimap_health.WazimapDbtable", "pk": 57, "fields": {"name": "youth_population"}}, {"model": "wazimap_health.WazimapDbtable", "pk": 61, "fields": {"name": "youth_age_groups_in_10_years_2016"}}, {"model": "wazimap_health.WazimapDbtable", "pk": 64, "fields": {"name": "youth_gender_population_group_2016"}}, {"model": "wazimap_health.WazimapDbtable", "pk": 65, "fields": {"name": "youth_language_2016"}}, {"model": "wazimap_health.WazimapDbtable", "pk": 66, "fields": {"name": "youth_province_of_birth_2016"}}, {"model": "wazimap_health.WazimapDbtable", "pk": 67, "fields": {"name": "youth_region_of_birth_2016"}}, {"model": "wazimap_health.WazimapDbtable", "pk": 68, "fields": {"name": "youth_citizenship_2016"}}, {"model": "wazimap_health.WazimapDbtable", "pk": 69, "fields": {"name": "youth_population_2016"}}, {"model": "wazimap_health.WazimapDbtable", "pk": 70, "fields": {"name": "youth_electricity_access_gender_2016"}}, {"model": "wazimap_health.WazimapDbtable", "pk": 71, "fields": {"name": "youth_toilet_access_gender_2016"}}, {"model": "wazimap_health.WazimapDbtable", "pk": 72, "fields": {"name": "youth_water_access_gender_2016"}}, {"model": "wazimap_health.WazimapDbtable", "pk": 73, "fields": {"name": "youth_type_of_dwelling_gender_2016"}}, {"model": "wazimap_health.WazimapDbtable", "pk": 74, "fields": {"name": "youth_type_of_area_2016"}}, {"model": "wazimap_health.WazimapDbtable", "pk": 75, "fields": {"name": "youth_living_with_parents_gender_2016"}}, {"model": "wazimap_health.WazimapDbtable", "pk": 76, "fields": {"name": "youth_difficulty_functioning_2016"}}, {"model": "wazimap_health.WazimapDbtable", "pk": 77, "fields": {"name": "youth_female_given_birth_2016"}}, {"model": "wazimap_health.WazimapDbtable", "pk": 78, "fields": {"name": "youth_female_given_birth_age_in_completed_years_2016"}}, {"model": "wazimap_health.WazimapDbtable", "pk": 79, "fields": {"name": "youth_access_to_internet_gender_2016"}}, {"model": "wazimap_health.WazimapDbtable", "pk": 80, "fields": {"name": "youth_education_attendance_gender_age_incompleted_years_2016"}}, {"model": "wazimap_health.WazimapDbtable", "pk": 81, "fields": {"name": "youth_age_20_to_24_gender_education_level_2016"}}, {"model": "wazimap_health.WazimapDbtable", "pk": 82, "fields": {"name": "youth_age_16_to_17_gender_completed_grade9_2016"}}, {"model": "wazimap_health.WazimapDbtable", "pk": 83, "fields": {"name": "youth_access_to_internet_2016"}}, {"model": "wazimap_health.WazimapSimpletable", "pk": 1, "fields": {"name": "YOUTH_MPI_SCORE", "universe": "Youth", "dataset": 8, "stat_type": "number", "description": "Youth MPI score", "total_column": ""}}, {"model": "wazimap_health.WazimapSimpletable", "pk": 3, "fields": {"name": "YOUTH_POPULATION", "universe": "Youth", "dataset": 1, "stat_type": "number", "description": "Youth population", "total_column": "total_pop"}}, {"model": "wazimap_health.WazimapFieldtable", "pk": 1, "fields": {"name": "YOUTH_LANGUAGE", "universe": "Youth", "dataset": 1, "stat_type": "number", "description": "Youth by language", "fields": "[\"language\"]", "denominator_key": "", "has_total": true, "value_type": "Integer"}}, {"model": "wazimap_health.WazimapFieldtable", "pk": 2, "fields": {"name": "YOUTH_MATRIC_OUTCOME_BY_YEAR", "universe": "Matric pass rate", "dataset": 5, "stat_type": "percentage", "description": "Matric pass rate by year, outcome", "fields": "[\"year\", \"outcome\"]", "denominator_key": "", "has_total": false, "value_type": "Float"}}, {"model": "wazimap_health.WazimapFieldtable", "pk": 3, "fields": {"name": "YOUTH_MATRIC_PASSES_AS_PERCENTAGE_OF_GRADE8_ENROLMENT_BY_YEAR", "universe": "Matric passes as a % of grade 8 enrolment", "dataset": 5, "stat_type": "percentage", "description": "Matric passes as a % of grade 8 enrolment by year, outcome", "fields": "[\"year\", \"outcome\"]", "denominator_key": "", "has_total": false, "value_type": "Float"}}, {"model": "wazimap_health.WazimapFieldtable", "pk": 4, "fields": {"name": "CRIMES_TYPE_OF_CRIME_YEAR", "universe": "Crimes", "dataset": 2, "stat_type": "number", "description": "Contact and property crimes by year", "fields": "[\"type of crime\", \"year\"]", "denominator_key": null, "has_total": false, "value_type": "Integer"}}, {"model": "wazimap_health.WazimapFieldtable", "pk": 5, "fields": {"name": "YOUTH_MULTIDIMENSIONALLY_POOR_POPULATION_GROUP_GENDER", "universe": "Youth", "dataset": 7, "stat_type": "number", "description": "Youth by multidimensionally poor, population group, gender", "fields": "[\"multidimensionally poor\", \"population group\", \"gender\"]", "denominator_key": "", "has_total": true, "value_type": "Integer"}}, {"model": "wazimap_health.WazimapFieldtable", "pk": 6, "fields": {"name": "YOUTH_FEMALE_GIVEN_BIRTH", "universe": "Female youth", "dataset": 1, "stat_type": "number", "description": "Female youth by given birth", "fields": "[\"given birth\"]", "denominator_key": "", "has_total": true, "value_type": "Integer"}}, {"model": "wazimap_health.WazimapFieldtable", "pk": 7, "fields": {"name": "YOUTH_LABOUR_FORCE_OFFICIAL_AGE_GROUP_GENDER", "universe": "Youth in the labour force - Official definition", "dataset": 1, "stat_type": "number", "description": "Employment status of youth in the labour force", "fields": "[\"employment status\", \"age group\", \"gender\"]", "denominator_key": null, "has_total": true, "value_type": "Integer"}}, {"model": "wazimap_health.WazimapFieldtable", "pk": 8, "fields": {"name": "YOUTH_DIFFICULTY_FUNCTIONING", "universe": "Youth with non-missing responses to the general health and functioning questions", "dataset": 1, "stat_type": "number", "description": "Youth experiencing difficulty in functioning", "fields": "[\"function type\"]", "denominator_key": "youth", "has_total": true, "value_type": "Integer"}}, {"model": "wazimap_health.WazimapFieldtable", "pk": 9, "fields": {"name": "YOUTH_CAUSES_OF_DEATH_MALE", "universe": "Male youth causes of death", "dataset": 6, "stat_type": "number", "description": "Male youth causes of death by cause of death", "fields": "[\"cause of death\"]", "denominator_key": "", "has_total": true, "value_type": "Float"}}, {"model": "wazimap_health.WazimapFieldtable", "pk": 10, "fields": {"name": "YOUTH_LIVING_WITH_PARENTS_GENDER", "universe": "Youth aged 15-19 living in households", "dataset": 1, "stat_type": "number", "description": "Youth aged 15-19 living in households by living with parents, gender", "fields": "[\"living with parents\", \"gender\"]", "denominator_key": "", "has_total": true, "value_type": "Integer"}}, {"model": "wazimap_health.WazimapFieldtable", "pk": 11, "fields": {"name": "YOUTH_ACCESS_TO_INTERNET_GENDER", "universe": "Youth living in households", "dataset": 1, "stat_type": "number", "description": "Youth living in households by access to internet, gender", "fields": "[\"access to internet\", \"gender\"]", "denominator_key": "", "has_total": true, "value_type": "Integer"}}, {"model": "wazimap_health.WazimapFieldtable", "pk": 12, "fields": {"name": "YOUTH_TYPE_OF_AREA", "universe": "Youth living in households", "dataset": 1, "stat_type": "number", "description": "Youth living in households by type of area", "fields": "[\"type of area\"]", "denominator_key": "", "has_total": true, "value_type": "Integer"}}, {"model": "wazimap_health.WazimapFieldtable", "pk": 13, "fields": {"name": "YOUTH_STUDENT_DROPOUT_RATE_BY_YEAR", "universe": "Dropout rates between grade 10 and matric", "dataset": 5, "stat_type": "percentage", "description": "Dropout rates between grade 10 and matric by year, outcome", "fields": "[\"year\", \"outcome\"]", "denominator_key": "", "has_total": false, "value_type": "Float"}}, {"model": "wazimap_health.WazimapFieldtable", "pk": 14, "fields": {"name": "YOUTH_LABOUR_FORCE_EXPANDED_AGE_GROUP_GENDER", "universe": "Youth in the labour force - Expanded definition", "dataset": 1, "stat_type": "number", "description": "Employment status of youth in the labour force", "fields": "[\"employment status\", \"age group\", \"gender\"]", "denominator_key": null, "has_total": true, "value_type": "Integer"}}, {"model": "wazimap_health.WazimapFieldtable", "pk": 15, "fields": {"name": "YOUTH_ELECTRICITY_ACCESS_GENDER", "universe": "Youth living in households", "dataset": 1, "stat_type": "number", "description": "Youth living in households by electricity access, gender", "fields": "[\"electricity access\", \"gender\"]", "denominator_key": "", "has_total": true, "value_type": "Integer"}}, {"model": "wazimap_health.WazimapFieldtable", "pk": 16, "fields": {"name": "CRIMES_ACCUSED_AGE_GROUP", "universe": "Accused of crime per 10,000 population in age group", "dataset": 2, "stat_type": "number", "description": "Accused of crime per 10,000 population in age group by age group", "fields": "[\"age group\"]", "denominator_key": "", "has_total": false, "value_type": "Integer"}}, {"model": "wazimap_health.WazimapFieldtable", "pk": 17, "fields": {"name": "YOUTH_MULTIDIMENSIONALLY_POOR_GENDER_POPULATION_GROUP", "universe": "Youth", "dataset": 7, "stat_type": "number", "description": "Youth by multidimensionally poor, gender, population group", "fields": "[\"multidimensionally poor\", \"gender\", \"population group\"]", "denominator_key": "", "has_total": true, "value_type": "Integer"}}, {"model": "wazimap_health.WazimapFieldtable", "pk": 18, "fields": {"name": "YOUTH_EDUCATION_ATTENDANCE_GENDER_AGE_INCOMPLETED_YEARS", "universe": "Youth", "dataset": 1, "stat_type": "number", "description": "Youth by attendance, gender, age in completed years", "fields": "[\"attendance\", \"gender\", \"age in completed years\"]", "denominator_key": "", "has_total": true, "value_type": "Integer"}}, {"model": "wazimap_health.WazimapFieldtable", "pk": 19, "fields": {"name": "YOUTH_BACHELOR_PASSES_AS_PERCENTAGE_OF_GRADE8_ENROLMENT_BY_YEAR", "universe": "Bachelor passes as a % of grade 8 enrolment", "dataset": 5, "stat_type": "percentage", "description": "Bachelor passes as a % of grade 8 enrolment by year, outcome", "fields": "[\"year\", \"outcome\"]", "denominator_key": "", "has_total": false, "value_type": "Float"}}, {"model": "wazimap_health.WazimapFieldtable", "pk": 20, "fields": {"name": "YOUTH_AGE_16_TO_17_GENDER_COMPLETED_GRADE9", "universe": "Youth aged 16 to 17", "dataset": 1, "stat_type": "number", "description": "Youth aged 16 to 17 by completed grade9, gender", "fields": "[\"completed grade9\", \"gender\"]", "denominator_key": "", "has_total": true, "value_type": "Integer"}}, {"model": "wazimap_health.WazimapFieldtable", "pk": 21, "fields": {"name": "YOUTH_VICTIMS_POPULATION_GROUP", "universe": "Youth victims of crime, per 10,000 youth", "dataset": 2, "stat_type": "number", "description": "Youth victims of crime, per 10,000 youth by population group", "fields": "[\"population group\"]", "denominator_key": null, "has_total": false, "value_type": "Integer"}}, {"model": "wazimap_health.WazimapFieldtable", "pk": 22, "fields": {"name": "YOUTH_CITIZENSHIP", "universe": "Youth", "dataset": 1, "stat_type": "number", "description": "Youth by citizenship", "fields": "[\"citizenship\"]", "denominator_key": "", "has_total": true, "value_type": "Integer"}}, {"model": "wazimap_health.WazimapFieldtable", "pk": 23, "fields": {"name": "YOUTH_DELIVERY_RATE_YEAR", "universe": "Teenage delivery rate by year", "dataset": 6, "stat_type": "percentage", "description": "Teenage delivery rate by year by year", "fields": "[\"year\"]", "denominator_key": "", "has_total": false, "value_type": "Float"}}, {"model": "wazimap_health.WazimapFieldtable", "pk": 24, "fields": {"name": "YOUTH_AGE_GROUPS_IN_10_YEARS", "universe": "Population", "dataset": 1, "stat_type": "number", "description": "Population by age groups in 10 years", "fields": "[\"age groups in 10 years\"]", "denominator_key": "", "has_total": true, "value_type": "Integer"}}, {"model": "wazimap_health.WazimapFieldtable", "pk": 25, "fields": {"name": "YOUTH_HOUSEHOLD_CROWDED_GENDER", "universe": "Youth living in households", "dataset": 1, "stat_type": "number", "description": "Youth living in households by household crowded, gender", "fields": "[\"household crowded\", \"gender\"]", "denominator_key": null, "has_total": true, "value_type": "Integer"}}, {"model": "wazimap_health.WazimapFieldtable", "pk": 26, "fields": {"name": "YOUTH_TOILET_ACCESS_GENDER", "universe": "Youth living in households", "dataset": 1, "stat_type": "number", "description": "Youth living in households by toilet access, gender", "fields": "[\"toilet access\", \"gender\"]", "denominator_key": "", "has_total": true, "value_type": "Integer"}}, {"model": "wazimap_health.WazimapFieldtable", "pk": 27, "fields": {"name": "YOUTH_WATER_ACCESS_GENDER", "universe": "Youth living in households", "dataset": 1, "stat_type": "number", "description": "Youth living in households by water access, gender", "fields": "[\"water access\", \"gender\"]", "denominator_key": "", "has_total": true, "value_type": "Integer"}}, {"model": "wazimap_health.WazimapFieldtable", "pk": 28, "fields": {"name": "YOUTH_CAUSES_OF_DEATH_FEMALE", "universe": "Female youth causes of death", "dataset": 6, "stat_type": "number", "description": "Female youth causes of death by cause of death", "fields": "[\"cause of death\"]", "denominator_key": "", "has_total": true, "value_type": "Float"}}, {"model": "wazimap_health.WazimapFieldtable", "pk": 29, "fields": {"name": "YOUTH_MATHS_OUTCOME_BY_YEAR", "universe": "Percentage passed in mathematics", "dataset": 5, "stat_type": "percentage", "description": "Percentage passed in mathematics by year, outcome", "fields": "[\"year\", \"outcome\"]", "denominator_key": "", "has_total": false, "value_type": "Float"}}, {"model": "wazimap_health.WazimapFieldtable", "pk": 30, "fields": {"name": "YOUTH_AVERAGE_LANGUAGE_SCORE_BY_YEAR", "universe": "Average score in language", "dataset": 5, "stat_type": "percentage", "description": "Average score in language by year", "fields": "[\"year\"]", "denominator_key": "", "has_total": false, "value_type": "Float"}}, {"model": "wazimap_health.WazimapFieldtable", "pk": 31, "fields": {"name": "YOUTH_PREGNANCY_RATE_YEAR", "universe": "Teenage pregnancy rate by year", "dataset": 6, "stat_type": "percentage", "description": "Teenage pregnancy rate by year by year", "fields": "[\"year\"]", "denominator_key": "", "has_total": false, "value_type": "Float"}}, {"model": "wazimap_health.WazimapFieldtable", "pk": 32, "fields": {"name": "YOUTH_INCOME_POVERTY_POPULATION_GROUP_GENDER", "universe": "Youth", "dataset": 1, "stat_type": "number", "description": "Youth by income poverty, population group, gender", "fields": "[\"income poverty\", \"population group\", \"gender\"]", "denominator_key": null, "has_total": true, "value_type": "Integer"}}, {"model": "wazimap_health.WazimapFieldtable", "pk": 33, "fields": {"name": "YOUTH_INCOME_POVERTY_GENDER_POPULATION_GROUP", "universe": "Youth", "dataset": 1, "stat_type": "number", "description": "Youth by income poverty, gender, population group", "fields": "[\"income poverty\", \"gender\", \"population group\"]", "denominator_key": null, "has_total": true, "value_type": "Integer"}}, {"model": "wazimap_health.WazimapFieldtable", "pk": 34, "fields": {"name": "YOUTH_REGION_OF_BIRTH", "universe": "Youth", "dataset": 1, "stat_type": "number", "description": "Youth by region of birth", "fields": "[\"region of birth\"]", "denominator_key": "", "has_total": true, "value_type": "Integer"}}, {"model": "wazimap_health.WazimapFieldtable", "pk": 35, "fields": {"name": "YOUTH_EMPLOYMENT_STATUS_GENDER", "universe": "Youth", "dataset": 1, "stat_type": "number", "description": "Youth by employment status, gender", "fields": "[\"employment status\", \"gender\"]", "denominator_key": null, "has_total": true, "value_type": "Integer"}}, {"model": "wazimap_health.WazimapFieldtable", "pk": 36, "fields": {"name": "YOUTH_AGE_20_TO_24_GENDER_EDUCATION_LEVEL", "universe": "Youth aged 20 to 24", "dataset": 1, "stat_type": "number", "description": "Youth aged 20 to 24 by education level, gender", "fields": "[\"education level\", \"gender\"]", "denominator_key": "", "has_total": true, "value_type": "Integer"}}, {"model": "wazimap_health.WazimapFieldtable", "pk": 37, "fields": {"name": "POPULATION_EMPLOYMENT_STATUS_GENDER", "universe": "Population", "dataset": 1, "stat_type": "number", "description": "Population by employment status, gender", "fields": "[\"employment status\", \"gender\"]", "denominator_key": null, "has_total": true, "value_type": "Integer"}}, {"model": "wazimap_health.WazimapFieldtable", "pk": 38, "fields": {"name": "YOUTH_HOUSEHOLD_EMPLOYMENT", "universe": "Youth living in households", "dataset": 1, "stat_type": "number", "description": "Youth in households by adult employment", "fields": "[\"household employment\"]", "denominator_key": null, "has_total": true, "value_type": "Integer"}}, {"model": "wazimap_health.WazimapFieldtable", "pk": 39, "fields": {"name": "YOUTH_ACCUSED_GENDER", "universe": "Youth accused of crimes, per 10,000 youth", "dataset": 2, "stat_type": "number", "description": "Youth accused of crimes, per 10,000 youth by gender", "fields": "[\"gender\"]", "denominator_key": null, "has_total": false, "value_type": "Integer"}}, {"model": "wazimap_health.WazimapFieldtable", "pk": 40, "fields": {"name": "YOUTH_VICTIMS_YEAR", "universe": "Youth victims of crime", "dataset": 2, "stat_type": "number", "description": "Youth victims of crime by year", "fields": "[\"year\"]", "denominator_key": null, "has_total": false, "value_type": "Integer"}}, {"model": "wazimap_health.WazimapFieldtable", "pk": 41, "fields": {"name": "YOUTH_VICTIMS_GENDER", "universe": "Youth victims of crime, per 10,000 youth", "dataset": 2, "stat_type": "number", "description": "Youth victims of crime, per 10,000 youth by gender", "fields": "[\"gender\"]", "denominator_key": null, "has_total": false, "value_type": "Integer"}}, {"model": "wazimap_health.WazimapFieldtable", "pk": 42, "fields": {"name": "YOUTH_FEMALE_GIVEN_BIRTH_AGE_IN_COMPLETED_YEARS", "universe": "Female youth", "dataset": 1, "stat_type": "number", "description": "Female youth by given birth, age in completed years", "fields": "[\"given birth\", \"age in completed years\"]", "denominator_key": "", "has_total": true, "value_type": "Integer"}}, {"model": "wazimap_health.WazimapFieldtable", "pk": 43, "fields": {"name": "YOUTH_PROVINCE_OF_BIRTH", "universe": "Youth", "dataset": 1, "stat_type": "number", "description": "Youth by province of birth", "fields": "[\"province of birth\"]", "denominator_key": "", "has_total": true, "value_type": "Integer"}}, {"model": "wazimap_health.WazimapFieldtable", "pk": 44, "fields": {"name": "YOUTH_ACCUSED_YEAR", "universe": "Youth accused of crimes", "dataset": 2, "stat_type": "number", "description": "Youth accused of crimes by year", "fields": "[\"year\"]", "denominator_key": "", "has_total": false, "value_type": "Integer"}}, {"model": "wazimap_health.WazimapFieldtable", "pk": 45, "fields": {"name": "YOUTH_LANGUAGE_OUTCOME_BY_YEAR", "universe": "Percentage passed in language", "dataset": 5, "stat_type": "percentage", "description": "Percentage passed in language by year, outcome", "fields": "[\"year\", \"outcome\"]", "denominator_key": "", "has_total": false, "value_type": "Float"}}, {"model": "wazimap_health.WazimapFieldtable", "pk": 46, "fields": {"name": "YOUTH_ACCUSED_OFFENCE_TYPE", "universe": "Youth accused of crimes, per 10,000 youth", "dataset": 2, "stat_type": "number", "description": "Youth accused of crimes, per 10,000 youth by type of offence", "fields": "[\"type of offence\"]", "denominator_key": null, "has_total": true, "value_type": "Integer"}}, {"model": "wazimap_health.WazimapFieldtable", "pk": 47, "fields": {"name": "POPULATION_EMPLOYMENT_SECTOR_GENDER", "universe": "Population", "dataset": 1, "stat_type": "number", "description": "Population by employment sector, gender", "fields": "[\"employment sector\", \"gender\"]", "denominator_key": null, "has_total": true, "value_type": "Integer"}}, {"model": "wazimap_health.WazimapFieldtable", "pk": 48, "fields": {"name": "YOUTH_EDUCATION_ATTENDANCE_AGE_INCOMPLETED_YEARS_GENDER", "universe": "Youth", "dataset": 1, "stat_type": "number", "description": "Youth by attendance, age in completed years, gender", "fields": "[\"attendance\", \"age in completed years\", \"gender\"]", "denominator_key": "", "has_total": true, "value_type": "Integer"}}, {"model": "wazimap_health.WazimapFieldtable", "pk": 49, "fields": {"name": "YOUTH_AVERAGE_MEAN_SCORE_BY_YEAR", "universe": "Average mean score in both language and mathematics", "dataset": 5, "stat_type": "percentage", "description": "Average mean score in both language and mathematics by year", "fields": "[\"year\"]", "denominator_key": "", "has_total": false, "value_type": "Float"}}, {"model": "wazimap_health.WazimapFieldtable", "pk": 50, "fields": {"name": "YOUTH_GENDER_POPULATION_GROUP", "universe": "Youth", "dataset": 1, "stat_type": "number", "description": "Youth by gender, population group", "fields": "[\"gender\", \"population group\"]", "denominator_key": "", "has_total": true, "value_type": "Integer"}}, {"model": "wazimap_health.WazimapFieldtable", "pk": 51, "fields": {"name": "YOUTH_EMPLOYMENT_SECTOR_GENDER", "universe": "Youth", "dataset": 1, "stat_type": "number", "description": "Youth by employment sector, gender", "fields": "[\"employment sector\", \"gender\"]", "denominator_key": null, "has_total": true, "value_type": "Integer"}}, {"model": "wazimap_health.WazimapFieldtable", "pk": 52, "fields": {"name": "YOUTH_TYPE_OF_DWELLING_GENDER", "universe": "Youth living in households", "dataset": 1, "stat_type": "number", "description": "Youth living in households by type of dwelling, gender", "fields": "[\"type of dwelling\", \"gender\"]", "denominator_key": "", "has_total": true, "value_type": "Integer"}}, {"model": "wazimap_health.WazimapFieldtable", "pk": 53, "fields": {"name": "YOUTH_INCOME_POVERTY_AGE_GROUP", "universe": "Youth", "dataset": 1, "stat_type": "number", "description": "Youth by income poverty, age group", "fields": "[\"income poverty\", \"age group\"]", "denominator_key": null, "has_total": true, "value_type": "Integer"}}, {"model": "wazimap_health.WazimapFieldtable", "pk": 54, "fields": {"name": "CRIMES_VICTIMS_AGE_GROUP", "universe": "Victims of crime per 10,000 population in age group", "dataset": 2, "stat_type": "number", "description": "Victims of crime per 10,000 population in age group by age group", "fields": "[\"age group\"]", "denominator_key": "", "has_total": false, "value_type": "Integer"}}, {"model": "wazimap_health.WazimapFieldtable", "pk": 55, "fields": {"name": "YOUTH_EMPLOYMENT_EDUCATION_TRAINING_GENDER", "universe": "Youth", "dataset": 1, "stat_type": "number", "description": "Youth by employment education training, gender", "fields": "[\"employment education training\", \"gender\"]", "denominator_key": null, "has_total": true, "value_type": "Integer"}}, {"model": "wazimap_health.WazimapFieldtable", "pk": 56, "fields": {"name": "YOUTH_AVERAGE_MATHS_SCORE_BY_YEAR", "universe": "Average score in mathematics", "dataset": 5, "stat_type": "percentage", "description": "Average score in mathematics by year", "fields": "[\"year\"]", "denominator_key": "", "has_total": false, "value_type": "Float"}}, {"model": "wazimap_health.WazimapFieldtable", "pk": 57, "fields": {"name": "YOUTH_ACCUSED_POPULATION_GROUP", "universe": "Youth accused of crimes, per 10,000 youth", "dataset": 2, "stat_type": "number", "description": "Youth accused of crimes, per 10,000 youth by population group", "fields": "[\"population group\"]", "denominator_key": null, "has_total": false, "value_type": "Integer"}}, {"model": "wazimap_health.WazimapFieldtable", "pk": 58, "fields": {"name": "YOUTH_VICTIMS_OFFENCE_TYPE", "universe": "Youth victims of crime, per 10,000 youth", "dataset": 2, "stat_type": "number", "description": "Youth victims of crime, per 10,000 youth by type of offence", "fields": "[\"type of offence\"]", "denominator_key": null, "has_total": true, "value_type": "Integer"}}, {"model": "wazimap_health.WazimapFieldtable", "pk": 59, "fields": {"name": "YOUTH_POPULATION_GROUP_GENDER", "universe": "Youth", "dataset": 1, "stat_type": "number", "description": "Youth by population group, gender", "fields": "[\"population group\", \"gender\"]", "denominator_key": "", "has_total": true, "value_type": "Integer"}}, {"model": "wazimap_health.WazimapFieldtable", "pk": 60, "fields": {"name": "YOUTH_ACCESS_TO_INTERNET", "universe": "Youth living in households", "dataset": 1, "stat_type": "number", "description": "Youth living in households by access to internet", "fields": "[\"access to internet\"]", "denominator_key": "total", "has_total": true, "value_type": "Integer"}}, {"model": "wazimap_health.WazimapSimpletablerelease", "pk": 1, "fields": {"data_table_id": 1, "db_table": 56, "release": 12}}, {"model": "wazimap_health.WazimapSimpletablerelease", "pk": 5, "fields": {"data_table_id": 3, "db_table": 57, "release": 1}}, {"model": "wazimap_health.WazimapSimpletablerelease", "pk": 7, "fields": {"data_table_id": 3, "db_table": 69, "release": 8}}, {"model": "wazimap_health.WazimapFieldtablerelease", "pk": 1, "fields": {"data_table_id": 1, "db_table": 1, "release": 1}}, {"model": "wazimap_health.WazimapFieldtablerelease", "pk": 2, "fields": {"data_table_id": 2, "db_table": 2, "release": 2}}, {"model": "wazimap_health.WazimapFieldtablerelease", "pk": 3, "fields": {"data_table_id": 3, "db_table": 3, "release": 2}}, {"model": "wazimap_health.WazimapFieldtablerelease", "pk": 4, "fields": {"data_table_id": 4, "db_table": 4, "release": 3}}, {"model": "wazimap_health.WazimapFieldtablerelease", "pk": 5, "fields": {"data_table_id": 5, "db_table": 5, "release": 11}}, {"model": "wazimap_health.WazimapFieldtablerelease", "pk": 6, "fields": {"data_table_id": 6, "db_table": 6, "release": 1}}, {"model": "wazimap_health.WazimapFieldtablerelease", "pk": 7, "fields": {"data_table_id": 7, "db_table": 7, "release": 1}}, {"model": "wazimap_health.WazimapFieldtablerelease", "pk": 8, "fields": {"data_table_id": 8, "db_table": 8, "release": 1}}, {"model": "wazimap_health.WazimapFieldtablerelease", "pk": 10, "fields": {"data_table_id": 10, "db_table": 10, "release": 1}}, {"model": "wazimap_health.WazimapFieldtablerelease", "pk": 11, "fields": {"data_table_id": 11, "db_table": 11, "release": 1}}, {"model": "wazimap_health.WazimapFieldtablerelease", "pk": 12, "fields": {"data_table_id": 12, "db_table": 12, "release": 1}}, {"model": "wazimap_health.WazimapFieldtablerelease", "pk": 13, "fields": {"data_table_id": 13, "db_table": 13, "release": 2}}, {"model": "wazimap_health.WazimapFieldtablerelease", "pk": 14, "fields": {"data_table_id": 14, "db_table": 14, "release": 1}}, {"model": "wazimap_health.WazimapFieldtablerelease", "pk": 15, "fields": {"data_table_id": 15, "db_table": 15, "release": 1}}, {"model": "wazimap_health.WazimapFieldtablerelease", "pk": 16, "fields": {"data_table_id": 16, "db_table": 16, "release": 3}}, {"model": "wazimap_health.WazimapFieldtablerelease", "pk": 17, "fields": {"data_table_id": 17, "db_table": 5, "release": 11}}, {"model": "wazimap_health.WazimapFieldtablerelease", "pk": 18, "fields": {"data_table_id": 18, "db_table": 17, "release": 1}}, {"model": "wazimap_health.WazimapFieldtablerelease", "pk": 19, "fields": {"data_table_id": 19, "db_table": 18, "release": 2}}, {"model": "wazimap_health.WazimapFieldtablerelease", "pk": 20, "fields": {"data_table_id": 20, "db_table": 19, "release": 1}}, {"model": "wazimap_health.WazimapFieldtablerelease", "pk": 21, "fields": {"data_table_id": 21, "db_table": 20, "release": 3}}, {"model": "wazimap_health.WazimapFieldtablerelease", "pk": 22, "fields": {"data_table_id": 22, "db_table": 21, "release": 1}}, {"model": "wazimap_health.WazimapFieldtablerelease", "pk": 23, "fields": {"data_table_id": 23, "db_table": 22, "release": 10}}, {"model": "wazimap_health.WazimapFieldtablerelease", "pk": 24, "fields": {"data_table_id": 24, "db_table": 23, "release": 1}}, {"model": "wazimap_health.WazimapFieldtablerelease", "pk": 25, "fields": {"data_table_id": 25, "db_table": 24, "release": 1}}, {"model": "wazimap_health.WazimapFieldtablerelease", "pk": 26, "fields": {"data_table_id": 26, "db_table": 25, "release": 1}}, {"model": "wazimap_health.WazimapFieldtablerelease", "pk": 27, "fields": {"data_table_id": 27, "db_table": 26, "release": 1}}, {"model": "wazimap_health.WazimapFieldtablerelease", "pk": 31, "fields": {"data_table_id": 31, "db_table": 30, "release": 10}}, {"model": "wazimap_health.WazimapFieldtablerelease", "pk": 32, "fields": {"data_table_id": 32, "db_table": 31, "release": 1}}, {"model": "wazimap_health.WazimapFieldtablerelease", "pk": 33, "fields": {"data_table_id": 33, "db_table": 31, "release": 1}}, {"model": "wazimap_health.WazimapFieldtablerelease", "pk": 34, "fields": {"data_table_id": 34, "db_table": 32, "release": 1}}, {"model": "wazimap_health.WazimapFieldtablerelease", "pk": 35, "fields": {"data_table_id": 35, "db_table": 33, "release": 1}}, {"model": "wazimap_health.WazimapFieldtablerelease", "pk": 36, "fields": {"data_table_id": 36, "db_table": 34, "release": 1}}, {"model": "wazimap_health.WazimapFieldtablerelease", "pk": 37, "fields": {"data_table_id": 37, "db_table": 35, "release": 1}}, {"model": "wazimap_health.WazimapFieldtablerelease", "pk": 38, "fields": {"data_table_id": 38, "db_table": 36, "release": 1}}, {"model": "wazimap_health.WazimapFieldtablerelease", "pk": 39, "fields": {"data_table_id": 39, "db_table": 37, "release": 3}}, {"model": "wazimap_health.WazimapFieldtablerelease", "pk": 40, "fields": {"data_table_id": 40, "db_table": 38, "release": 3}}, {"model": "wazimap_health.WazimapFieldtablerelease", "pk": 41, "fields": {"data_table_id": 41, "db_table": 39, "release": 3}}, {"model": "wazimap_health.WazimapFieldtablerelease", "pk": 42, "fields": {"data_table_id": 42, "db_table": 40, "release": 1}}, {"model": "wazimap_health.WazimapFieldtablerelease", "pk": 43, "fields": {"data_table_id": 43, "db_table": 41, "release": 1}}, {"model": "wazimap_health.WazimapFieldtablerelease", "pk": 44, "fields": {"data_table_id": 44, "db_table": 42, "release": 3}}, {"model": "wazimap_health.WazimapFieldtablerelease", "pk": 46, "fields": {"data_table_id": 46, "db_table": 44, "release": 3}}, {"model": "wazimap_health.WazimapFieldtablerelease", "pk": 47, "fields": {"data_table_id": 47, "db_table": 45, "release": 1}}, {"model": "wazimap_health.WazimapFieldtablerelease", "pk": 48, "fields": {"data_table_id": 48, "db_table": 17, "release": 1}}, {"model": "wazimap_health.WazimapFieldtablerelease", "pk": 50, "fields": {"data_table_id": 50, "db_table": 47, "release": 1}}, {"model": "wazimap_health.WazimapFieldtablerelease", "pk": 51, "fields": {"data_table_id": 51, "db_table": 48, "release": 1}}, {"model": "wazimap_health.WazimapFieldtablerelease", "pk": 52, "fields": {"data_table_id": 52, "db_table": 49, "release": 1}}, {"model": "wazimap_health.WazimapFieldtablerelease", "pk": 53, "fields": {"data_table_id": 53, "db_table": 50, "release": 1}}, {"model": "wazimap_health.WazimapFieldtablerelease", "pk": 54, "fields": {"data_table_id": 54, "db_table": 51, "release": 3}}, {"model": "wazimap_health.WazimapFieldtablerelease", "pk": 55, "fields": {"data_table_id": 55, "db_table": 52, "release": 1}}, {"model": "wazimap_health.WazimapFieldtablerelease", "pk": 57, "fields": {"data_table_id": 57, "db_table": 54, "release": 3}}, {"model": "wazimap_health.WazimapFieldtablerelease", "pk": 58, "fields": {"data_table_id": 58, "db_table": 55, "release": 3}}, {"model": "wazimap_health.WazimapFieldtablerelease", "pk": 59, "fields": {"data_table_id": 59, "db_table": 47, "release": 1}}, {"model": "wazimap_health.WazimapFieldtablerelease", "pk": 64, "fields": {"data_table_id": 24, "db_table": 61, "release": 8}}, {"model": "wazimap_health.WazimapFieldtablerelease", "pk": 65, "fields": {"data_table_id": 50, "db_table": 64, "release": 8}}, {"model": "wazimap_health.WazimapFieldtablerelease", "pk": 66, "fields": {"data_table_id": 59, "db_table": 64, "release": 8}}, {"model": "wazimap_health.WazimapFieldtablerelease", "pk": 67, "fields": {"data_table_id": 1, "db_table": 65, "release": 8}}, {"model": "wazimap_health.WazimapFieldtablerelease", "pk": 68, "fields": {"data_table_id": 43, "db_table": 66, "release": 8}}, {"model": "wazimap_health.WazimapFieldtablerelease", "pk": 69, "fields": {"data_table_id": 34, "db_table": 67, "release": 8}}, {"model": "wazimap_health.WazimapFieldtablerelease", "pk": 70, "fields": {"data_table_id": 22, "db_table": 68, "release": 8}}, {"model": "wazimap_health.WazimapFieldtablerelease", "pk": 71, "fields": {"data_table_id": 15, "db_table": 70, "release": 8}}, {"model": "wazimap_health.WazimapFieldtablerelease", "pk": 72, "fields": {"data_table_id": 26, "db_table": 71, "release": 8}}, {"model": "wazimap_health.WazimapFieldtablerelease", "pk": 73, "fields": {"data_table_id": 27, "db_table": 72, "release": 8}}, {"model": "wazimap_health.WazimapFieldtablerelease", "pk": 74, "fields": {"data_table_id": 52, "db_table": 73, "release": 8}}, {"model": "wazimap_health.WazimapFieldtablerelease", "pk": 76, "fields": {"data_table_id": 10, "db_table": 75, "release": 8}}, {"model": "wazimap_health.WazimapFieldtablerelease", "pk": 77, "fields": {"data_table_id": 8, "db_table": 76, "release": 8}}, {"model": "wazimap_health.WazimapFieldtablerelease", "pk": 78, "fields": {"data_table_id": 6, "db_table": 77, "release": 8}}, {"model": "wazimap_health.WazimapFieldtablerelease", "pk": 79, "fields": {"data_table_id": 42, "db_table": 78, "release": 8}}, {"model": "wazimap_health.WazimapFieldtablerelease", "pk": 80, "fields": {"data_table_id": 12, "db_table": 74, "release": 8}}, {"model": "wazimap_health.WazimapFieldtablerelease", "pk": 82, "fields": {"data_table_id": 28, "db_table": 27, "release": 10}}, {"model": "wazimap_health.WazimapFieldtablerelease", "pk": 83, "fields": {"data_table_id": 9, "db_table": 9, "release": 10}}, {"model": "wazimap_health.WazimapFieldtablerelease", "pk": 84, "fields": {"data_table_id": 48, "db_table": 80, "release": 8}}, {"model": "wazimap_health.WazimapFieldtablerelease", "pk": 85, "fields": {"data_table_id": 18, "db_table": 80, "release": 8}}, {"model": "wazimap_health.WazimapFieldtablerelease", "pk": 86, "fields": {"data_table_id": 36, "db_table": 81, "release": 8}}, {"model": "wazimap_health.WazimapFieldtablerelease", "pk": 87, "fields": {"data_table_id": 20, "db_table": 82, "release": 8}}, {"model": "wazimap_health.WazimapFieldtablerelease", "pk": 88, "fields": {"data_table_id": 60, "db_table": 83, "release": 8}}, {"model": "wazimap_health.WazimapFieldtablerelease", "pk": 89, "fields": {"data_table_id": 49, "db_table": 46, "release": 13}}, {"model": "wazimap_health.WazimapFieldtablerelease", "pk": 90, "fields": {"data_table_id": 30, "db_table": 29, "release": 13}}, {"model": "wazimap_health.WazimapFieldtablerelease", "pk": 91, "fields": {"data_table_id": 56, "db_table": 53, "release": 13}}, {"model": "wazimap_health.WazimapFieldtablerelease", "pk": 92, "fields": {"data_table_id": 45, "db_table": 43, "release": 13}}, {"model": "wazimap_health.WazimapFieldtablerelease", "pk": 93, "fields": {"data_table_id": 29, "db_table": 28, "release": 13}}]